onset	duration	trial_type	item
11.47	0	faceRecog_guess_incorrect	mob_00760.png
14.23	0	ret_guess_incorrect	mob_00760.png
16.42	0	retFeedback_guess_incorrect	mob_00760.png
19.53	0	retRating_guess_incorrect	mob_00760.png
20.28	0	retRatingFeedback_guess_incorrect	mob_00760.png
23.5	0	recog_unsure_correct	mob_00760.png
26.46	0	recogFeedback_unsure_correct	mob_00760.png
28.03	0	recogRating_unsure_correct	mob_00760.png
29.81	0	recogRatingFeedback_unsure_correct	mob_00760.png
33.26	0	faceRecog_sure_correct	fap_16329.png
36.74	0	ret_sure_correct	fap_16329.png
37.79	0	retFeedback_sure_correct	fap_16329.png
40.72	0	retRating_sure_correct	fap_16329.png
41.76	0	retRatingFeedback_sure_correct	fap_16329.png
44.69	0	recog_sure_correct	fap_16329.png
45.34	0	recogFeedback_sure_correct	fap_16329.png
49.52	0	recogRating_sure_correct	fap_16329.png
50.8	0	recogRatingFeedback_sure_correct	fap_16329.png
53.69	0	faceRecog_unsure_correct	for_15187.png
57.22	0	ret_unsure_correct	for_15187.png
58.02	0	retFeedback_unsure_correct	for_15187.png
61.5	0	retRating_unsure_correct	for_15187.png
62.27	0	retRatingFeedback_unsure_correct	for_15187.png
66.02	0	recog_sure_correct	for_15187.png
68.28	0	recogFeedback_sure_correct	for_15187.png
70.85	0	recogRating_sure_correct	for_15187.png
71.31	0	recogRatingFeedback_sure_correct	for_15187.png
74.21	0	faceRecog_guess_incorrect	foq_16799.png
75.96	0	ret_guess_incorrect	foq_16799.png
76.81	0	retFeedback_guess_incorrect	foq_16799.png
81.16	0	retRating_guess_incorrect	foq_16799.png
82.14	0	retRatingFeedback_guess_incorrect	foq_16799.png
86.46	0	recog_sure_correct	foq_16799.png
87.47	0	recogFeedback_sure_correct	foq_16799.png
91.51	0	recogRating_sure_correct	foq_16799.png
92.22	0	recogRatingFeedback_sure_correct	foq_16799.png
96.41	0	faceRecog_sure_correct	mas_41366.png
99.67	0	ret_sure_correct	mas_41366.png
100.14	0	retFeedback_sure_correct	mas_41366.png
103.8	0	retRating_sure_correct	mas_41366.png
104.25	0	retRatingFeedback_sure_correct	mas_41366.png
108.45	0	recog_sure_correct	mas_41366.png
109.5	0	recogFeedback_sure_correct	mas_41366.png
113.58	0	recogRating_sure_correct	mas_41366.png
114.7	0	recogRatingFeedback_sure_correct	mas_41366.png
118.23	0	faceRecog_unsure_correct	mog_03090.png
120.2	0	ret_unsure_correct	mog_03090.png
121.08	0	retFeedback_unsure_correct	mog_03090.png
124.18	0	retRating_unsure_correct	mog_03090.png
124.63	0	retRatingFeedback_unsure_correct	mog_03090.png
128.2	0	recog_sure_correct	mog_03090.png
129.56	0	recogFeedback_sure_correct	mog_03090.png
132.06	0	recogRating_sure_correct	mog_03090.png
133.24	0	recogRatingFeedback_sure_correct	mog_03090.png
137.16	0	faceRecog_sure_correct	moj_11821.png
140.57	0	ret_sure_correct	moj_11821.png
141.39	0	retFeedback_sure_correct	moj_11821.png
144.86	0	retRating_sure_correct	moj_11821.png
146.37	0	retRatingFeedback_sure_correct	moj_11821.png
149.79	0	recog_sure_correct	moj_11821.png
150.95	0	recogFeedback_sure_correct	moj_11821.png
154.54	0	recogRating_sure_correct	moj_11821.png
155.6	0	recogRatingFeedback_sure_correct	moj_11821.png
159.67	0	faceRecog_guess_correct	faj_07783.png
162.65	0	ret_guess_correct	faj_07783.png
163.63	0	retFeedback_guess_correct	faj_07783.png
166.3	0	retRating_guess_correct	faj_07783.png
167.88	0	retRatingFeedback_guess_correct	faj_07783.png
171.18	0	recog_sure_correct	faj_07783.png
172.51	0	recogFeedback_sure_correct	faj_07783.png
176.74	0	recogRating_sure_correct	faj_07783.png
177.18	0	recogRatingFeedback_sure_correct	faj_07783.png
181.79	0	faceRecog_guess_incorrect	fax_14883.png
183.64	0	ret_guess_incorrect	fax_14883.png
184.24	0	retFeedback_guess_incorrect	fax_14883.png
187.36	0	retRating_guess_incorrect	fax_14883.png
188.42	0	retRatingFeedback_guess_incorrect	fax_14883.png
192.04	0	recog_guess_correct	fax_14883.png
194.12	0	recogFeedback_guess_correct	fax_14883.png
197.17	0	recogRating_guess_correct	fax_14883.png
198.24	0	recogRatingFeedback_guess_correct	fax_14883.png
201.72	0	faceRecog_guess_incorrect	mae_01010.png
204.29	0	ret_guess_incorrect	mae_01010.png
205.37	0	retFeedback_guess_incorrect	mae_01010.png
208.93	0	retRating_guess_incorrect	mae_01010.png
209.82	0	retRatingFeedback_guess_incorrect	mae_01010.png
212.98	0	recog_sure_correct	mae_01010.png
214.3	0	recogFeedback_sure_correct	mae_01010.png
218.46	0	recogRating_sure_correct	mae_01010.png
218.9	0	recogRatingFeedback_sure_correct	mae_01010.png
223	0	faceRecog_sure_correct	mat_23275.png
226.54	0	ret_sure_correct	mat_23275.png
228.06	0	retFeedback_sure_correct	mat_23275.png
230.61	0	retRating_sure_correct	mat_23275.png
230.94	0	retRatingFeedback_sure_correct	mat_23275.png
235.08	0	recog_sure_correct	mat_23275.png
236.64	0	recogFeedback_sure_correct	mat_23275.png
239.49	0	recogRating_sure_correct	mat_23275.png
241.39	0	recogRatingFeedback_sure_correct	mat_23275.png
243.57	0	faceRecog_guess_incorrect	fai_07494.png
245.72	0	ret_guess_incorrect	fai_07494.png
246.46	0	retFeedback_guess_incorrect	fai_07494.png
249.25	0	retRating_guess_incorrect	fai_07494.png
250	0	retRatingFeedback_guess_incorrect	fai_07494.png
253.52	0	recog_guess_incorrect	fai_07494.png
256.42	0	recogFeedback_guess_incorrect	fai_07494.png
258.33	0	recogRating_guess_incorrect	fai_07494.png
259.6	0	recogRatingFeedback_guess_incorrect	fai_07494.png
261.78	0	faceRecog_unsure_incorrect	maw_04767.png
264.63	0	ret_unsure_incorrect	maw_04767.png
265.85	0	retFeedback_unsure_incorrect	maw_04767.png
268.16	0	retRating_unsure_incorrect	maw_04767.png
269.45	0	retRatingFeedback_unsure_incorrect	maw_04767.png
273.18	0	recogNA	maw_04767.png
273.18	0	recogFeedbackNA	maw_04767.png
277.99	0	recogRatingNA	maw_04767.png
279.38	0	recogRatingFeedbackNA	maw_04767.png
282.19	0	faceRecog_sure_correct	fac_02146.png
284.21	0	ret_sure_correct	fac_02146.png
285.26	0	retFeedback_sure_correct	fac_02146.png
288.97	0	retRating_sure_correct	fac_02146.png
290.19	0	retRatingFeedback_sure_correct	fac_02146.png
292.42	0	recog_sure_correct	fac_02146.png
293.34	0	recogFeedback_sure_correct	fac_02146.png
296.05	0	recogRating_sure_correct	fac_02146.png
297.29	0	recogRatingFeedback_sure_correct	fac_02146.png
301.32	0	faceRecog_guess_incorrect	faw_14215.png
304.37	0	ret_guess_incorrect	faw_14215.png
304.72	0	retFeedback_guess_incorrect	faw_14215.png
308.62	0	retRating_guess_incorrect	faw_14215.png
308.98	0	retRatingFeedback_guess_incorrect	faw_14215.png
313	0	recog_sure_correct	faw_14215.png
315.36	0	recogFeedback_sure_correct	faw_14215.png
316.85	0	recogRating_sure_correct	faw_14215.png
318.1	0	recogRatingFeedback_sure_correct	faw_14215.png
321.31	0	faceRecog_guess_incorrect	fab_06018.png
324.41	0	ret_guess_incorrect	fab_06018.png
324.83	0	retFeedback_guess_incorrect	fab_06018.png
329.71	0	retRating_guess_incorrect	fab_06018.png
331.31	0	retRatingFeedback_guess_incorrect	fab_06018.png
333.96	0	recog_sure_correct	fab_06018.png
335.61	0	recogFeedback_sure_correct	fab_06018.png
338.22	0	recogRating_sure_correct	fab_06018.png
338.76	0	recogRatingFeedback_sure_correct	fab_06018.png
343.56	0	faceRecog_guess_correct	foa_00207.png
346.5	0	ret_guess_correct	foa_00207.png
346.82	0	retFeedback_guess_correct	foa_00207.png
351.02	0	retRating_guess_correct	foa_00207.png
351.34	0	retRatingFeedback_guess_correct	foa_00207.png
354.59	0	recog_sure_correct	foa_00207.png
356.8	0	recogFeedback_sure_correct	foa_00207.png
359.48	0	recogRating_sure_correct	foa_00207.png
361.05	0	recogRatingFeedback_sure_correct	foa_00207.png
364.2	0	faceRecog_sure_correct	fou_17118.png
366.98	0	ret_sure_correct	fou_17118.png
368.98	0	retFeedback_sure_correct	fou_17118.png
371.95	0	retRating_sure_correct	fou_17118.png
374.71	0	retRatingFeedback_sure_correct	fou_17118.png
376.6	0	recog_sure_correct	fou_17118.png
377.81	0	recogFeedback_sure_correct	fou_17118.png
380.81	0	recogRating_sure_correct	fou_17118.png
381.41	0	recogRatingFeedback_sure_correct	fou_17118.png
386.09	0	faceRecog_guess_correct	foi_03389.png
388.09	0	ret_guess_correct	foi_03389.png
390.79	0	retFeedback_guess_correct	foi_03389.png
391.66	0	retRating_guess_correct	foi_03389.png
392.41	0	retRatingFeedback_guess_correct	foi_03389.png
396.19	0	recog_sure_correct	foi_03389.png
398.85	0	recogFeedback_sure_correct	foi_03389.png
401.57	0	recogRating_sure_correct	foi_03389.png
402.04	0	recogRatingFeedback_sure_correct	foi_03389.png
405.94	0	faceRecog_unsure_correct	moh_06446.png
408.02	0	ret_unsure_correct	moh_06446.png
410.23	0	retFeedback_unsure_correct	moh_06446.png
412.55	0	retRating_unsure_correct	moh_06446.png
413.8	0	retRatingFeedback_unsure_correct	moh_06446.png
417.3	0	recog_guess_incorrect	moh_06446.png
420.16	0	recogFeedback_guess_incorrect	moh_06446.png
421.66	0	recogRating_guess_incorrect	moh_06446.png
422.93	0	recogRatingFeedback_guess_incorrect	moh_06446.png
425.53	0	faceRecog_guess_correct	mof_02408.png
428.34	0	ret_guess_correct	mof_02408.png
429.41	0	retFeedback_guess_correct	mof_02408.png
432.26	0	retRating_guess_correct	mof_02408.png
432.96	0	retRatingFeedback_guess_correct	mof_02408.png
437.34	0	recog_guess_correct	mof_02408.png
437.34	0	recogFeedback_guess_correct	mof_02408.png
441.26	0	recogRating_guess_correct	mof_02408.png
443.32	0	recogRatingFeedback_guess_correct	mof_02408.png
446.44	0	faceRecog_guess_correct	mal_04470.png
449.57	0	ret_guess_correct	mal_04470.png
450.7	0	retFeedback_guess_correct	mal_04470.png
452.95	0	retRating_guess_correct	mal_04470.png
453.64	0	retRatingFeedback_guess_correct	mal_04470.png
457.58	0	recog_sure_correct	mal_04470.png
459.25	0	recogFeedback_sure_correct	mal_04470.png
461.55	0	recogRating_sure_correct	mal_04470.png
462.33	0	recogRatingFeedback_sure_correct	mal_04470.png
465.73	0	faceRecog_unsure_correct	map_41499.png
467.48	0	ret_unsure_correct	map_41499.png
470.16	0	retFeedback_unsure_correct	map_41499.png
471.65	0	retRating_unsure_correct	map_41499.png
472.5	0	retRatingFeedback_unsure_correct	map_41499.png
476.36	0	recog_sure_correct	map_41499.png
478.14	0	recogFeedback_sure_correct	map_41499.png
481.74	0	recogRating_sure_correct	map_41499.png
482.41	0	recogRatingFeedback_sure_correct	map_41499.png
487.02	0	faceRecog_unsure_incorrect	fal_07906.png
489.11	0	ret_unsure_incorrect	fal_07906.png
490.62	0	retFeedback_unsure_incorrect	fal_07906.png
492.97	0	retRating_unsure_incorrect	fal_07906.png
494.15	0	retRatingFeedback_unsure_incorrect	fal_07906.png
497.05	0	recog_unsure_correct	fal_07906.png
499.32	0	recogFeedback_unsure_correct	fal_07906.png
501.04	0	recogRating_unsure_correct	fal_07906.png
501.45	0	recogRatingFeedback_unsure_correct	fal_07906.png
505.17	0	faceRecog_unsure_correct	fot_00797.png
507.97	0	ret_unsure_correct	fot_00797.png
510.28	0	retFeedback_unsure_correct	fot_00797.png
512.37	0	retRating_unsure_correct	fot_00797.png
513.55	0	retRatingFeedback_unsure_correct	fot_00797.png
516.68	0	recog_sure_incorrect	fot_00797.png
518.93	0	recogFeedback_sure_incorrect	fot_00797.png
520.65	0	recogRating_sure_incorrect	fot_00797.png
523.13	0	recogRatingFeedback_sure_incorrect	fot_00797.png
524.98	0	faceRecog_guess_incorrect	foj_08220.png
527.93	0	ret_guess_incorrect	foj_08220.png
529.59	0	retFeedback_guess_incorrect	foj_08220.png
531.73	0	retRating_guess_incorrect	foj_08220.png
532.43	0	retRatingFeedback_guess_incorrect	foj_08220.png
535.47	0	recog_guess_correct	foj_08220.png
538.12	0	recogFeedback_guess_correct	foj_08220.png
539.46	0	recogRating_guess_correct	foj_08220.png
539.46	0	recogRatingFeedback_guess_correct	foj_08220.png
544.06	0	faceRecog_guess_incorrect	mou_01862.png
547.15	0	ret_guess_incorrect	mou_01862.png
548.95	0	retFeedback_guess_incorrect	mou_01862.png
551.79	0	retRating_guess_incorrect	mou_01862.png
553.94	0	retRatingFeedback_guess_incorrect	mou_01862.png
556.93	0	recog_sure_incorrect	mou_01862.png
559.27	0	recogFeedback_sure_incorrect	mou_01862.png
561.73	0	recogRating_sure_incorrect	mou_01862.png
563.42	0	recogRatingFeedback_sure_incorrect	mou_01862.png
566.16	0	faceRecog_guess_incorrect	mac_59169.png
569.13	0	ret_guess_incorrect	mac_59169.png
570.9	0	retFeedback_guess_incorrect	mac_59169.png
573.98	0	retRating_guess_incorrect	mac_59169.png
576.29	0	retRatingFeedback_guess_incorrect	mac_59169.png
578.34	0	recog_guess_incorrect	mac_59169.png
580.63	0	recogFeedback_guess_incorrect	mac_59169.png
582.58	0	recogRating_guess_incorrect	mac_59169.png
584.92	0	recogRatingFeedback_guess_incorrect	mac_59169.png
587.42	0	faceRecog_guess_incorrect	mai_06530.png
589.06	0	ret_guess_incorrect	mai_06530.png
591.64	0	retFeedback_guess_incorrect	mai_06530.png
593.02	0	retRating_guess_incorrect	mai_06530.png
593.34	0	retRatingFeedback_guess_incorrect	mai_06530.png
597.55	0	recog_sure_correct	mai_06530.png
598.8	0	recogFeedback_sure_correct	mai_06530.png
601.17	0	recogRating_sure_correct	mai_06530.png
601.77	0	recogRatingFeedback_sure_correct	mai_06530.png
606.27	0	faceRecog_sure_correct	mos_20953.png
608.08	0	ret_sure_correct	mos_20953.png
609.53	0	retFeedback_sure_correct	mos_20953.png
613.33	0	retRating_sure_correct	mos_20953.png
613.76	0	retRatingFeedback_sure_correct	mos_20953.png
618.03	0	recog_sure_correct	mos_20953.png
619.36	0	recogFeedback_sure_correct	mos_20953.png
621.83	0	recogRating_sure_correct	mos_20953.png
622.43	0	recogRatingFeedback_sure_correct	mos_20953.png
626.41	0	faceRecog_sure_correct	maj_01545.png
628.44	0	ret_sure_correct	maj_01545.png
629.43	0	retFeedback_sure_correct	maj_01545.png
632.32	0	retRating_sure_correct	maj_01545.png
632.68	0	retRatingFeedback_sure_correct	maj_01545.png
637.57	0	recog_sure_correct	maj_01545.png
638.46	0	recogFeedback_sure_correct	maj_01545.png
642.16	0	recogRating_sure_correct	maj_01545.png
643.02	0	recogRatingFeedback_sure_correct	maj_01545.png
647.05	0	faceRecog_guess_correct	mao_11634.png
649	0	ret_guess_correct	mao_11634.png
650.5	0	retFeedback_guess_correct	mao_11634.png
653.47	0	retRating_guess_correct	mao_11634.png
653.88	0	retRatingFeedback_guess_correct	mao_11634.png
657.3	0	recog_sure_correct	mao_11634.png
659.07	0	recogFeedback_sure_correct	mao_11634.png
662.05	0	recogRating_sure_correct	mao_11634.png
662.65	0	recogRatingFeedback_sure_correct	mao_11634.png
665.66	0	faceRecog_guess_incorrect	fat_12032.png
668.26	0	ret_guess_incorrect	fat_12032.png
669.98	0	retFeedback_guess_incorrect	fat_12032.png
671.64	0	retRating_guess_incorrect	fat_12032.png
672.53	0	retRatingFeedback_guess_incorrect	fat_12032.png
675.03	0	recog_guess_correct	fat_12032.png
677.34	0	recogFeedback_guess_correct	fat_12032.png
679.73	0	recogRating_guess_correct	fat_12032.png
680.68	0	recogRatingFeedback_guess_correct	fat_12032.png
683.41	0	faceRecog_guess_correct	fag_06539.png
686.96	0	ret_guess_correct	fag_06539.png
687.32	0	retFeedback_guess_correct	fag_06539.png
692.24	0	retRating_guess_correct	fag_06539.png
692.97	0	retRatingFeedback_guess_correct	fag_06539.png
695.79	0	recog_sure_correct	fag_06539.png
697.7	0	recogFeedback_sure_correct	fag_06539.png
699.9	0	recogRating_sure_correct	fag_06539.png
701.15	0	recogRatingFeedback_sure_correct	fag_06539.png
704.4	0	faceRecog_sure_correct	fop_00621.png
707.37	0	ret_sure_correct	fop_00621.png
708.52	0	retFeedback_sure_correct	fop_00621.png
712.17	0	retRating_sure_correct	fop_00621.png
712.53	0	retRatingFeedback_sure_correct	fop_00621.png
717.5	0	recog_sure_correct	fop_00621.png
718.25	0	recogFeedback_sure_correct	fop_00621.png
721.24	0	recogRating_sure_correct	fop_00621.png
722.64	0	recogRatingFeedback_sure_correct	fop_00621.png
726.28	0	faceRecog_guess_incorrect	mak_00987.png
728.13	0	ret_guess_incorrect	mak_00987.png
728.13	0	retFeedback_guess_incorrect	mak_00987.png
732.76	0	retRating_guess_incorrect	mak_00987.png
733.79	0	retRatingFeedback_guess_incorrect	mak_00987.png
737.41	0	recog_sure_correct	mak_00987.png
739.26	0	recogFeedback_sure_correct	mak_00987.png
741.9	0	recogRating_sure_correct	mak_00987.png
742.64	0	recogRatingFeedback_sure_correct	mak_00987.png
746.99	0	faceRecog_sure_correct	mom_59361.png
749.25	0	ret_sure_correct	mom_59361.png
750.58	0	retFeedback_sure_correct	mom_59361.png
753.55	0	retRating_sure_correct	mom_59361.png
754.12	0	retRatingFeedback_sure_correct	mom_59361.png
757.72	0	recog_sure_correct	mom_59361.png
758.83	0	recogFeedback_sure_correct	mom_59361.png
762.17	0	recogRating_sure_correct	mom_59361.png
763.2	0	recogRatingFeedback_sure_correct	mom_59361.png
766.68	0	faceRecog_sure_correct	mau_49693.png
768.6	0	ret_sure_correct	mau_49693.png
769.81	0	retFeedback_sure_correct	mau_49693.png
772.43	0	retRating_sure_correct	mau_49693.png
772.96	0	retRatingFeedback_sure_correct	mau_49693.png
776.88	0	recog_sure_correct	mau_49693.png
778.48	0	recogFeedback_sure_correct	mau_49693.png
782.29	0	recogRating_sure_correct	mau_49693.png
784.06	0	recogRatingFeedback_sure_correct	mau_49693.png
786.36	0	faceRecogNA	moe_02012.png
789.47	0	retNA	moe_02012.png
791.84	0	retFeedbackNA	moe_02012.png
793.17	0	retRatingNA	moe_02012.png
793.17	0	retRatingFeedbackNA	moe_02012.png
796.65	0	recog_sure_correct	moe_02012.png
797.84	0	recogFeedback_sure_correct	moe_02012.png
800.94	0	recogRating_sure_correct	moe_02012.png
801.57	0	recogRatingFeedback_sure_correct	moe_02012.png
804.67	0	faceRecog_guess_incorrect	fok_09378.png
808.22	0	ret_guess_incorrect	fok_09378.png
810.46	0	retFeedback_guess_incorrect	fok_09378.png
813.15	0	retRating_guess_incorrect	fok_09378.png
813.96	0	retRatingFeedback_guess_incorrect	fok_09378.png
817.71	0	recog_sure_correct	fok_09378.png
819.06	0	recogFeedback_sure_correct	fok_09378.png
821.71	0	recogRating_sure_correct	fok_09378.png
822.59	0	recogRatingFeedback_sure_correct	fok_09378.png
825.63	0	faceRecogNA	mon_65798.png
828.04	0	retNA	mon_65798.png
828.04	0	retFeedbackNA	mon_65798.png
831.69	0	retRatingNA	mon_65798.png
833.92	0	retRatingFeedbackNA	mon_65798.png
835.54	0	recog_sure_correct	mon_65798.png
837.02	0	recogFeedback_sure_correct	mon_65798.png
839.67	0	recogRating_sure_correct	mon_65798.png
840.12	0	recogRatingFeedback_sure_correct	mon_65798.png
844.47	0	faceRecog_unsure_incorrect	foc_02157.png
847.09	0	ret_unsure_incorrect	foc_02157.png
849.55	0	retFeedback_unsure_incorrect	foc_02157.png
851.72	0	retRating_unsure_incorrect	foc_02157.png
852.12	0	retRatingFeedback_unsure_incorrect	foc_02157.png
855.75	0	recog_sure_correct	foc_02157.png
857.6	0	recogFeedback_sure_correct	foc_02157.png
861.05	0	recogRating_sure_correct	foc_02157.png
861.88	0	recogRatingFeedback_sure_correct	foc_02157.png
865.95	0	faceRecog_guess_correct	foe_08236.png
869.08	0	ret_guess_correct	foe_08236.png
871.36	0	retFeedback_guess_correct	foe_08236.png
872.71	0	retRating_guess_correct	foe_08236.png
873.56	0	retRatingFeedback_guess_correct	foe_08236.png
877.11	0	recog_guess_correct	foe_08236.png
877.11	0	recogFeedback_guess_correct	foe_08236.png
881.43	0	recogRating_guess_correct	foe_08236.png
882.19	0	recogRatingFeedback_guess_correct	foe_08236.png
885.52	0	faceRecog_guess_correct	fan_17286.png
887.54	0	ret_guess_correct	fan_17286.png
888.82	0	retFeedback_guess_correct	fan_17286.png
892.49	0	retRating_guess_correct	fan_17286.png
893.37	0	retRatingFeedback_guess_correct	fan_17286.png
895.95	0	recog_guess_correct	fan_17286.png
895.95	0	recogFeedback_guess_correct	fan_17286.png
899.82	0	recogRating_guess_correct	fan_17286.png
900.69	0	recogRatingFeedback_guess_correct	fan_17286.png
904.37	0	faceRecog_guess_incorrect	fov_15046.png
907.55	0	ret_guess_incorrect	fov_15046.png
909.93	0	retFeedback_guess_incorrect	fov_15046.png
911.18	0	retRating_guess_incorrect	fov_15046.png
912.05	0	retRatingFeedback_guess_incorrect	fov_15046.png
915.9	0	recog_guess_incorrect	fov_15046.png
917.88	0	recogFeedback_guess_incorrect	fov_15046.png
919.9	0	recogRating_guess_incorrect	fov_15046.png
920.21	0	recogRatingFeedback_guess_incorrect	fov_15046.png
923.34	0	faceRecog_unsure_incorrect	mol_07679.png
926.14	0	ret_unsure_incorrect	mol_07679.png
927.98	0	retFeedback_unsure_incorrect	mol_07679.png
930.22	0	retRating_unsure_incorrect	mol_07679.png
931.59	0	retRatingFeedback_unsure_incorrect	mol_07679.png
934.39	0	recog_unsure_incorrect	mol_07679.png
936.14	0	recogFeedback_unsure_incorrect	mol_07679.png
939.17	0	recogRating_unsure_incorrect	mol_07679.png
939.72	0	recogRatingFeedback_unsure_incorrect	mol_07679.png
942.55	0	faceRecog_guess_correct	far_00736.png
945.62	0	ret_guess_correct	far_00736.png
948.17	0	retFeedback_guess_correct	far_00736.png
950.48	0	retRating_guess_correct	far_00736.png
951.15	0	retRatingFeedback_guess_correct	far_00736.png
955.08	0	recog_sure_correct	far_00736.png
956.72	0	recogFeedback_sure_correct	far_00736.png
959.63	0	recogRating_sure_correct	far_00736.png
960.12	0	recogRatingFeedback_sure_correct	far_00736.png
963.41	0	faceRecog_guess_incorrect	mot_69374.png
965.26	0	ret_guess_incorrect	mot_69374.png
967.5	0	retFeedback_guess_incorrect	mot_69374.png
968.98	0	retRating_guess_incorrect	mot_69374.png
969.65	0	retRatingFeedback_guess_incorrect	mot_69374.png
972.31	0	recog_sure_correct	mot_69374.png
973.19	0	recogFeedback_sure_correct	mot_69374.png
976.71	0	recogRating_sure_correct	mot_69374.png
977.48	0	recogRatingFeedback_sure_correct	mot_69374.png
980.29	0	faceRecog_sure_correct	mob_22833.png
982.26	0	ret_sure_correct	mob_22833.png
982.64	0	retFeedback_sure_correct	mob_22833.png
985.71	0	retRating_sure_correct	mob_22833.png
986.74	0	retRatingFeedback_sure_correct	mob_22833.png
989.61	0	recog_unsure_correct	mob_22833.png
991.54	0	recogFeedback_unsure_correct	mob_22833.png
993.55	0	recogRating_unsure_correct	mob_22833.png
995.72	0	recogRatingFeedback_unsure_correct	mob_22833.png
997.83	0	faceRecog_guess_incorrect	foq_17341.png
999.74	0	ret_guess_incorrect	foq_17341.png
999.74	0	retFeedback_guess_incorrect	foq_17341.png
1003.9	0	retRating_guess_incorrect	foq_17341.png
1003.9	0	retRatingFeedback_guess_incorrect	foq_17341.png
1007.76	0	recog_unsure_incorrect	foq_17341.png
1009.55	0	recogFeedback_unsure_incorrect	foq_17341.png
1011.91	0	recogRating_unsure_incorrect	foq_17341.png
1012.88	0	recogRatingFeedback_unsure_incorrect	foq_17341.png
1015.43	0	faceRecog_sure_correct	fap_17119.png
1018.93	0	ret_sure_correct	fap_17119.png
1019.21	0	retFeedback_sure_correct	fap_17119.png
1022.74	0	retRating_sure_correct	fap_17119.png
1024.18	0	retRatingFeedback_sure_correct	fap_17119.png
1027.39	0	recog_sure_correct	fap_17119.png
1028.02	0	recogFeedback_sure_correct	fap_17119.png
1032.89	0	recogRating_sure_correct	fap_17119.png
1033.79	0	recogRatingFeedback_sure_correct	fap_17119.png
1038.02	0	faceRecog_guess_incorrect	for_15880.png
1039.99	0	ret_guess_incorrect	for_15880.png
1041.99	0	retFeedback_guess_incorrect	for_15880.png
1043.52	0	retRating_guess_incorrect	for_15880.png
1044.05	0	retRatingFeedback_guess_incorrect	for_15880.png
1047.45	0	recog_guess_incorrect	for_15880.png
1049.32	0	recogFeedback_guess_incorrect	for_15880.png
1052.5	0	recogRating_guess_incorrect	for_15880.png
1053.45	0	recogRatingFeedback_guess_incorrect	for_15880.png
1057.2	0	faceRecog_sure_correct	mas_41937.png
1060.6	0	ret_sure_correct	mas_41937.png
1061.36	0	retFeedback_sure_correct	mas_41937.png
1064.03	0	retRating_sure_correct	mas_41937.png
1065.43	0	retRatingFeedback_sure_correct	mas_41937.png
1067.93	0	recog_sure_correct	mas_41937.png
1068.94	0	recogFeedback_sure_correct	mas_41937.png
1073.31	0	recogRating_sure_correct	mas_41937.png
1074.03	0	recogRatingFeedback_sure_correct	mas_41937.png
1078.17	0	faceRecog_guess_correct	mog_03277.png
1081.06	0	ret_guess_correct	mog_03277.png
1082.16	0	retFeedback_guess_correct	mog_03277.png
1085.84	0	retRating_guess_correct	mog_03277.png
1086.64	0	retRatingFeedback_guess_correct	mog_03277.png
1090.8	0	recog_sure_correct	mog_03277.png
1091.4	0	recogFeedback_sure_correct	mog_03277.png
1095.4	0	recogRating_sure_correct	mog_03277.png
1097.13	0	recogRatingFeedback_sure_correct	mog_03277.png
1099.85	0	faceRecog_unsure_correct	moj_11860.png
1102.43	0	ret_unsure_correct	moj_11860.png
1102.77	0	retFeedback_unsure_correct	moj_11860.png
1106.5	0	retRating_unsure_correct	moj_11860.png
1107.4	0	retRatingFeedback_unsure_correct	moj_11860.png
1111.16	0	recog_sure_correct	moj_11860.png
1113.36	0	recogFeedback_sure_correct	moj_11860.png
1115.45	0	recogRating_sure_correct	moj_11860.png
1115.98	0	recogRatingFeedback_sure_correct	moj_11860.png
1120.08	0	faceRecog_guess_incorrect	faj_07849.png
1123.29	0	ret_guess_incorrect	faj_07849.png
1125.68	0	retFeedback_guess_incorrect	faj_07849.png
1128.12	0	retRating_guess_incorrect	faj_07849.png
1128.94	0	retRatingFeedback_guess_incorrect	faj_07849.png
1132.81	0	recog_sure_correct	faj_07849.png
1134.54	0	recogFeedback_sure_correct	faj_07849.png
1136.9	0	recogRating_sure_correct	faj_07849.png
1138.32	0	recogRatingFeedback_sure_correct	faj_07849.png
1140.35	0	faceRecog_guess_incorrect	fax_15310.png
1143.32	0	ret_guess_incorrect	fax_15310.png
1144.72	0	retFeedback_guess_incorrect	fax_15310.png
1146.88	0	retRating_guess_incorrect	fax_15310.png
1148.92	0	retRatingFeedback_guess_incorrect	fax_15310.png
1150.73	0	recog_guess_correct	fax_15310.png
1153.65	0	recogFeedback_guess_correct	fax_15310.png
1155.7	0	recogRating_guess_correct	fax_15310.png
1156.65	0	recogRatingFeedback_guess_correct	fax_15310.png
1161.03	0	faceRecog_unsure_correct	mae_36426.png
1163.43	0	ret_unsure_correct	mae_36426.png
1165.51	0	retFeedback_unsure_correct	mae_36426.png
1168.73	0	retRating_unsure_correct	mae_36426.png
1169.79	0	retRatingFeedback_unsure_correct	mae_36426.png
1173.28	0	recog_sure_correct	mae_36426.png
1174.38	0	recogFeedback_sure_correct	mae_36426.png
1177.32	0	recogRating_sure_correct	mae_36426.png
1178.86	0	recogRatingFeedback_sure_correct	mae_36426.png
1180.77	0	faceRecog_guess_correct	fai_07637.png
1182.97	0	ret_guess_correct	fai_07637.png
1184.91	0	retFeedback_guess_correct	fai_07637.png
1187.59	0	retRating_guess_correct	fai_07637.png
1188.32	0	retRatingFeedback_guess_correct	fai_07637.png
1192.77	0	recog_sure_correct	fai_07637.png
1194.87	0	recogFeedback_sure_correct	fai_07637.png
1198.03	0	recogRating_sure_correct	fai_07637.png
1199.22	0	recogRatingFeedback_sure_correct	fai_07637.png
1203.15	0	faceRecog_guess_incorrect	mat_23754.png
1206.33	0	ret_guess_incorrect	mat_23754.png
1207.25	0	retFeedback_guess_incorrect	mat_23754.png
1210.93	0	retRating_guess_incorrect	mat_23754.png
1213.21	0	retRatingFeedback_guess_incorrect	mat_23754.png
1214.55	0	recog_sure_correct	mat_23754.png
1215.58	0	recogFeedback_sure_correct	mat_23754.png
1218.26	0	recogRating_sure_correct	mat_23754.png
1219.84	0	recogRatingFeedback_sure_correct	mat_23754.png
1222.09	0	faceRecog_guess_incorrect	fac_02970.png
1224.08	0	ret_guess_incorrect	fac_02970.png
1225.38	0	retFeedback_guess_incorrect	fac_02970.png
1228.82	0	retRating_guess_incorrect	fac_02970.png
1229.74	0	retRatingFeedback_guess_incorrect	fac_02970.png
1232.92	0	recog_sure_correct	fac_02970.png
1234.01	0	recogFeedback_sure_correct	fac_02970.png
1237.17	0	recogRating_sure_correct	fac_02970.png
1237.55	0	recogRatingFeedback_sure_correct	fac_02970.png
1240.75	0	faceRecog_guess_incorrect	maw_22459.png
1243.37	0	ret_guess_incorrect	maw_22459.png
1243.37	0	retFeedback_guess_incorrect	maw_22459.png
1246.98	0	retRating_guess_incorrect	maw_22459.png
1247.87	0	retRatingFeedback_guess_incorrect	maw_22459.png
1250.53	0	recog_sure_correct	maw_22459.png
1252.32	0	recogFeedback_sure_correct	maw_22459.png
1254.47	0	recogRating_sure_correct	maw_22459.png
1255.38	0	recogRatingFeedback_sure_correct	maw_22459.png
1258.5	0	faceRecog_guess_correct	fab_06286.png
1260.8	0	ret_guess_correct	fab_06286.png
1262.4	0	retFeedback_guess_correct	fab_06286.png
1264.81	0	retRating_guess_correct	fab_06286.png
1266.79	0	retRatingFeedback_guess_correct	fab_06286.png
1268.63	0	recog_sure_correct	fab_06286.png
1270.14	0	recogFeedback_sure_correct	fab_06286.png
1272.63	0	recogRating_sure_correct	fab_06286.png
1273.01	0	recogRatingFeedback_sure_correct	fab_06286.png
1276.82	0	faceRecog_guess_incorrect	faw_14685.png
1280.09	0	ret_guess_incorrect	faw_14685.png
1281.16	0	retFeedback_guess_incorrect	faw_14685.png
1283.84	0	retRating_guess_incorrect	faw_14685.png
1284.84	0	retRatingFeedback_guess_incorrect	faw_14685.png
1287.99	0	recog_sure_correct	faw_14685.png
1289.34	0	recogFeedback_sure_correct	faw_14685.png
1292.09	0	recogRating_sure_correct	faw_14685.png
1292.47	0	recogRatingFeedback_sure_correct	faw_14685.png
1296.33	0	faceRecog_sure_correct	moh_07125.png
1298.05	0	ret_sure_correct	moh_07125.png
1299.58	0	retFeedback_sure_correct	moh_07125.png
1302.85	0	retRating_sure_correct	moh_07125.png
1304.12	0	retRatingFeedback_sure_correct	moh_07125.png
1307.31	0	recog_sure_correct	moh_07125.png
1309.88	0	recogFeedback_sure_correct	moh_07125.png
1312.2	0	recogRating_sure_correct	moh_07125.png
1313.03	0	recogRatingFeedback_sure_correct	moh_07125.png
1316.73	0	faceRecog_unsure_correct	foa_00426.png
1320.14	0	ret_unsure_correct	foa_00426.png
1320.41	0	retFeedback_unsure_correct	foa_00426.png
1325.01	0	retRating_unsure_correct	foa_00426.png
1325.44	0	retRatingFeedback_unsure_correct	foa_00426.png
1330.11	0	recog_sure_incorrect	foa_00426.png
1332.26	0	recogFeedback_sure_incorrect	foa_00426.png
1334.02	0	recogRating_sure_incorrect	foa_00426.png
1334.92	0	recogRatingFeedback_sure_incorrect	foa_00426.png
1339.32	0	faceRecog_guess_correct	fou_18966.png
1341.42	0	ret_guess_correct	fou_18966.png
1343.82	0	retFeedback_guess_correct	fou_18966.png
1344.97	0	retRating_guess_correct	fou_18966.png
1345.83	0	retRatingFeedback_guess_correct	fou_18966.png
1349.6	0	recog_sure_correct	fou_18966.png
1350.47	0	recogFeedback_sure_correct	fou_18966.png
1354.38	0	recogRating_sure_correct	fou_18966.png
1354.81	0	recogRatingFeedback_sure_correct	fou_18966.png
1358.76	0	faceRecog_guess_incorrect	foi_05187.png
1360.66	0	ret_guess_incorrect	foi_05187.png
1362.35	0	retFeedback_guess_incorrect	foi_05187.png
1364.38	0	retRating_guess_incorrect	foi_05187.png
1366.66	0	retRatingFeedback_guess_incorrect	foi_05187.png
1368.63	0	recog_guess_correct	foi_05187.png
1370.61	0	recogFeedback_guess_correct	foi_05187.png
1372.24	0	recogRating_guess_correct	foi_05187.png
1373.56	0	recogRatingFeedback_guess_correct	foi_05187.png
1377.36	0	faceRecogNA	mal_20552.png
1379.17	0	retNA	mal_20552.png
1379.17	0	retFeedbackNA	mal_20552.png
1384.4	0	retRatingNA	mal_20552.png
1385.24	0	retRatingFeedbackNA	mal_20552.png
1388.3	0	recog_guess_correct	mal_20552.png
1389.19	0	recogFeedback_guess_correct	mal_20552.png
1392.75	0	recogRating_guess_correct	mal_20552.png
1393.54	0	recogRatingFeedback_guess_correct	mal_20552.png
1397.62	0	faceRecog_unsure_incorrect	fal_07977.png
1399.75	0	ret_unsure_incorrect	fal_07977.png
1400.75	0	retFeedback_unsure_incorrect	fal_07977.png
1403.48	0	retRating_unsure_incorrect	fal_07977.png
1404.4	0	retRatingFeedback_unsure_incorrect	fal_07977.png
1407.16	0	recog_guess_correct	fal_07977.png
1408.41	0	recogFeedback_guess_correct	fal_07977.png
1411.85	0	recogRating_guess_correct	fal_07977.png
1412.73	0	recogRatingFeedback_guess_correct	fal_07977.png
1417.09	0	faceRecog_guess_incorrect	mof_06901.png
1420.24	0	ret_guess_incorrect	mof_06901.png
1420.41	0	retFeedback_guess_incorrect	mof_06901.png
1425.44	0	retRating_guess_incorrect	mof_06901.png
1425.88	0	retRatingFeedback_guess_incorrect	mof_06901.png
1429.72	0	recog_guess_correct	mof_06901.png
1431.89	0	recogFeedback_guess_correct	mof_06901.png
1434.64	0	recogRating_guess_correct	mof_06901.png
1435	0	recogRatingFeedback_guess_correct	mof_06901.png
1439.92	0	faceRecog_unsure_incorrect	map_49576.png
1443.37	0	ret_unsure_incorrect	map_49576.png
1443.55	0	retFeedback_unsure_incorrect	map_49576.png
1447.5	0	retRating_unsure_incorrect	map_49576.png
1448.47	0	retRatingFeedback_unsure_incorrect	map_49576.png
1451.87	0	recog_sure_correct	map_49576.png
1452.85	0	recogFeedback_sure_correct	map_49576.png
1456.85	0	recogRating_sure_correct	map_49576.png
1457.85	0	recogRatingFeedback_sure_correct	map_49576.png
1461.65	0	faceRecog_guess_correct	mac_59752.png
1464.69	0	ret_guess_correct	mac_59752.png
1467.28	0	retFeedback_guess_correct	mac_59752.png
1469.29	0	retRating_guess_correct	mac_59752.png
1470.09	0	retRatingFeedback_guess_correct	mac_59752.png
1474.09	0	recog_guess_incorrect	mac_59752.png
1476.36	0	recogFeedback_guess_incorrect	mac_59752.png
1479.22	0	recogRating_guess_incorrect	mac_59752.png
1480.31	0	recogRatingFeedback_guess_incorrect	mac_59752.png
1484.15	0	faceRecog_guess_correct	foj_08937.png
1486.99	0	ret_guess_correct	foj_08937.png
1488.49	0	retFeedback_guess_correct	foj_08937.png
1491.32	0	retRating_guess_correct	foj_08937.png
1492.24	0	retRatingFeedback_guess_correct	foj_08937.png
1496.22	0	recog_unsure_correct	foj_08937.png
1498.17	0	recogFeedback_unsure_correct	foj_08937.png
1501.17	0	recogRating_unsure_correct	foj_08937.png
1501.57	0	recogRatingFeedback_unsure_correct	foj_08937.png
1506.31	0	faceRecog_guess_correct	mou_06524.png
1509	0	ret_guess_correct	mou_06524.png
1509.96	0	retFeedback_guess_correct	mou_06524.png
1513.31	0	retRating_guess_correct	mou_06524.png
1514.33	0	retRatingFeedback_guess_correct	mou_06524.png
1518.41	0	recog_sure_correct	mou_06524.png
1520.01	0	recogFeedback_sure_correct	mou_06524.png
1522.53	0	recogRating_sure_correct	mou_06524.png
1523.99	0	recogRatingFeedback_sure_correct	mou_06524.png
1526.39	0	faceRecog_unsure_incorrect	fot_06092.png
1529.04	0	ret_unsure_incorrect	fot_06092.png
1529.51	0	retFeedback_unsure_incorrect	fot_06092.png
1532.39	0	retRating_unsure_incorrect	fot_06092.png
1533.61	0	retRatingFeedback_unsure_incorrect	fot_06092.png
1537.19	0	recog_unsure_incorrect	fot_06092.png
1539.39	0	recogFeedback_unsure_incorrect	fot_06092.png
1540.77	0	recogRating_unsure_incorrect	fot_06092.png
1543.27	0	recogRatingFeedback_unsure_incorrect	fot_06092.png
1544.6	0	faceRecog_sure_correct	mai_23761.png
1546.27	0	ret_sure_correct	mai_23761.png
1547.68	0	retFeedback_sure_correct	mai_23761.png
1549.98	0	retRating_sure_correct	mai_23761.png
1550.42	0	retRatingFeedback_sure_correct	mai_23761.png
1553.58	0	recog_sure_correct	mai_23761.png
1554.38	0	recogFeedback_sure_correct	mai_23761.png
1557.75	0	recogRating_sure_correct	mai_23761.png
1559.05	0	recogRatingFeedback_sure_correct	mai_23761.png
1561.95	0	faceRecog_guess_correct	mos_23223.png
1564.76	0	ret_guess_correct	mos_23223.png
1566.04	0	retFeedback_guess_correct	mos_23223.png
1568.29	0	retRating_guess_correct	mos_23223.png
1570.29	0	retRatingFeedback_guess_correct	mos_23223.png
1572.67	0	recog_sure_correct	mos_23223.png
1574.52	0	recogFeedback_sure_correct	mos_23223.png
1576.36	0	recogRating_sure_correct	mos_23223.png
1578.27	0	recogRatingFeedback_sure_correct	mos_23223.png
1580.06	0	faceRecog_guess_incorrect	maj_01546.png
1583.11	0	ret_guess_incorrect	maj_01546.png
1583.55	0	retFeedback_guess_incorrect	maj_01546.png
1588.14	0	retRating_guess_incorrect	maj_01546.png
1589.15	0	retRatingFeedback_guess_incorrect	maj_01546.png
1591.6	0	recog_sure_correct	maj_01546.png
1593.32	0	recogFeedback_sure_correct	maj_01546.png
1596.37	0	recogRating_sure_correct	maj_01546.png
1596.68	0	recogRatingFeedback_sure_correct	maj_01546.png
1601.37	0	faceRecog_guess_incorrect	mao_19000.png
1603.38	0	ret_guess_incorrect	mao_19000.png
1604.31	0	retFeedback_guess_incorrect	mao_19000.png
1607.26	0	retRating_guess_incorrect	mao_19000.png
1607.65	0	retRatingFeedback_guess_incorrect	mao_19000.png
1612.31	0	recog_sure_correct	mao_19000.png
1613.53	0	recogFeedback_sure_correct	mao_19000.png
1616.98	0	recogRating_sure_correct	mao_19000.png
1617.41	0	recogRatingFeedback_sure_correct	mao_19000.png
1621.69	0	faceRecog_sure_correct	mak_03979.png
1623.82	0	ret_sure_correct	mak_03979.png
1624.49	0	retFeedback_sure_correct	mak_03979.png
1628.64	0	retRating_sure_correct	mak_03979.png
1629.39	0	retRatingFeedback_sure_correct	mak_03979.png
1632.84	0	recog_sure_correct	mak_03979.png
1633.52	0	recogFeedback_sure_correct	mak_03979.png
1637.75	0	recogRating_sure_correct	mak_03979.png
1638.44	0	recogRatingFeedback_sure_correct	mak_03979.png
1641.77	0	faceRecog_unsure_incorrect	fop_07937.png
1643.73	0	ret_unsure_incorrect	fop_07937.png
1645.52	0	retFeedback_unsure_incorrect	fop_07937.png
1648.72	0	retRating_unsure_incorrect	fop_07937.png
1650.3	0	retRatingFeedback_unsure_incorrect	fop_07937.png
1654.03	0	recog_sure_correct	fop_07937.png
1655.5	0	recogFeedback_sure_correct	fop_07937.png
1658.95	0	recogRating_sure_correct	fop_07937.png
1659.35	0	recogRatingFeedback_sure_correct	fop_07937.png
1664.19	0	faceRecog_sure_correct	fag_06551.png
1666.13	0	ret_sure_correct	fag_06551.png
1666.78	0	retFeedback_sure_correct	fag_06551.png
1669.88	0	retRating_sure_correct	fag_06551.png
1670.84	0	retRatingFeedback_sure_correct	fag_06551.png
1673.39	0	recog_sure_correct	fag_06551.png
1674.44	0	recogFeedback_sure_correct	fag_06551.png
1677.26	0	recogRating_sure_correct	fag_06551.png
1678.06	0	recogRatingFeedback_sure_correct	fag_06551.png
1681.45	0	faceRecog_guess_correct	fat_14140.png
1683.9	0	ret_guess_correct	fat_14140.png
1684.24	0	retFeedback_guess_correct	fat_14140.png
1688.62	0	retRating_guess_correct	fat_14140.png
1689.19	0	retRatingFeedback_guess_correct	fat_14140.png
1693.03	0	recog_sure_correct	fat_14140.png
1694.43	0	recogFeedback_sure_correct	fat_14140.png
1697	0	recogRating_sure_correct	fat_14140.png
1698.03	0	recogRatingFeedback_sure_correct	fat_14140.png
1701	0	faceRecog_guess_correct	moe_23630.png
1703.7	0	ret_guess_correct	moe_23630.png
1704.91	0	retFeedback_guess_correct	moe_23630.png
1707.26	0	retRating_guess_correct	moe_23630.png
1708.11	0	retRatingFeedback_guess_correct	moe_23630.png
1710.65	0	recog_sure_correct	moe_23630.png
1711.79	0	recogFeedback_sure_correct	moe_23630.png
1715.59	0	recogRating_sure_correct	moe_23630.png
1715.68	0	recogRatingFeedback_sure_correct	moe_23630.png
1719.21	0	faceRecog_guess_correct	fok_09860.png
1721.17	0	ret_guess_correct	fok_09860.png
1721.44	0	retFeedback_guess_correct	fok_09860.png
1725.29	0	retRating_guess_correct	fok_09860.png
1726.96	0	retRatingFeedback_guess_correct	fok_09860.png
1730.26	0	recog_unsure_incorrect	fok_09860.png
1732.45	0	recogFeedback_unsure_incorrect	fok_09860.png
1735.42	0	recogRating_unsure_incorrect	fok_09860.png
1735.85	0	recogRatingFeedback_unsure_incorrect	fok_09860.png
1738.77	0	faceRecog_guess_correct	mau_58144.png
1741.88	0	ret_guess_correct	mau_58144.png
1742.92	0	retFeedback_guess_correct	mau_58144.png
1745.47	0	retRating_guess_correct	mau_58144.png
1746.3	0	retRatingFeedback_guess_correct	mau_58144.png
1750.2	0	recog_sure_correct	mau_58144.png
1751.41	0	recogFeedback_sure_correct	mau_58144.png
1753.9	0	recogRating_sure_correct	mau_58144.png
1754.33	0	recogRatingFeedback_sure_correct	mau_58144.png
1758.21	0	faceRecog_unsure_incorrect	mom_59641.png
1761.54	0	ret_unsure_incorrect	mom_59641.png
1762.51	0	retFeedback_unsure_incorrect	mom_59641.png
1766.01	0	retRating_unsure_incorrect	mom_59641.png
1767.41	0	retRatingFeedback_unsure_incorrect	mom_59641.png
1770.67	0	recog_sure_correct	mom_59641.png
1772.38	0	recogFeedback_sure_correct	mom_59641.png
1776.27	0	recogRating_sure_correct	mom_59641.png
1776.74	0	recogRatingFeedback_sure_correct	mom_59641.png
1779.81	0	faceRecog_guess_correct	foe_08514.png
1782.17	0	ret_guess_correct	foe_08514.png
1784.4	0	retFeedback_guess_correct	foe_08514.png
1787.17	0	retRating_guess_correct	foe_08514.png
1787.79	0	retRatingFeedback_guess_correct	foe_08514.png
1791.87	0	recog_guess_correct	foe_08514.png
1794.88	0	recogFeedback_guess_correct	foe_08514.png
1797.22	0	recogRating_guess_correct	foe_08514.png
1798.33	0	recogRatingFeedback_guess_correct	foe_08514.png
1802.3	0	faceRecog_sure_correct	mon_69587.png
1805.53	0	ret_sure_correct	mon_69587.png
1805.93	0	retFeedback_sure_correct	mon_69587.png
1808.95	0	retRating_sure_correct	mon_69587.png
1810.03	0	retRatingFeedback_sure_correct	mon_69587.png
1814.24	0	recog_sure_correct	mon_69587.png
1815.36	0	recogFeedback_sure_correct	mon_69587.png
1819.69	0	recogRating_sure_correct	mon_69587.png
1821.92	0	recogRatingFeedback_sure_correct	mon_69587.png
1823.27	0	faceRecog_guess_correct	foc_02664.png
1825.19	0	ret_guess_correct	foc_02664.png
1827.17	0	retFeedback_guess_correct	foc_02664.png
1830.22	0	retRating_guess_correct	foc_02664.png
1830.89	0	retRatingFeedback_guess_correct	foc_02664.png
1834.09	0	recog_sure_correct	foc_02664.png
1836.02	0	recogFeedback_sure_correct	foc_02664.png
1839.63	0	recogRating_sure_correct	foc_02664.png
1840.47	0	recogRatingFeedback_sure_correct	foc_02664.png
1843.78	0	faceRecog_guess_correct	fan_18894.png
1846.62	0	ret_guess_correct	fan_18894.png
1848.73	0	retFeedback_guess_correct	fan_18894.png
1850.83	0	retRating_guess_correct	fan_18894.png
1851.65	0	retRatingFeedback_guess_correct	fan_18894.png
1854.61	0	recog_guess_correct	fan_18894.png
1856.96	0	recogFeedback_guess_correct	fan_18894.png
1860.19	0	recogRating_guess_correct	fan_18894.png
1860.46	0	recogRatingFeedback_guess_correct	fan_18894.png
1864.66	0	faceRecog_guess_correct	far_06518.png
1868.24	0	ret_guess_correct	far_06518.png
1870.16	0	retFeedback_guess_correct	far_06518.png
1873.24	0	retRating_guess_correct	far_06518.png
1874.27	0	retRatingFeedback_guess_correct	far_06518.png
1877.24	0	recog_guess_correct	far_06518.png
1878.07	0	recogFeedback_guess_correct	far_06518.png
1882.69	0	recogRating_guess_correct	far_06518.png
1883.52	0	recogRatingFeedback_guess_correct	far_06518.png
1886.35	0	faceRecog_guess_correct	mot_69770.png
1889.85	0	ret_guess_correct	mot_69770.png
1890.17	0	retFeedback_guess_correct	mot_69770.png
1894.08	0	retRating_guess_correct	mot_69770.png
1894.75	0	retRatingFeedback_guess_correct	mot_69770.png
1898.95	0	recog_sure_correct	mot_69770.png
1900.57	0	recogFeedback_sure_correct	mot_69770.png
1902.78	0	recogRating_sure_correct	mot_69770.png
1904.08	0	recogRatingFeedback_sure_correct	mot_69770.png
1906.33	0	faceRecog_unsure_incorrect	fov_15193.png
1909.71	0	ret_unsure_incorrect	fov_15193.png
1910.16	0	retFeedback_unsure_incorrect	fov_15193.png
1914.29	0	retRating_unsure_incorrect	fov_15193.png
1914.81	0	retRatingFeedback_unsure_incorrect	fov_15193.png
1919.26	0	recog_sure_correct	fov_15193.png
1920.53	0	recogFeedback_sure_correct	fov_15193.png
1923.79	0	recogRating_sure_correct	fov_15193.png
1924.27	0	recogRatingFeedback_sure_correct	fov_15193.png
